fuzzy_key	district	police	center	lat	lng	gmaps_link
NRDHPRKKRWDSTRCTHSPTLKKRW	Anuradhapura	Kekirawa	District Hospital – Kekirawa	8.0438	80.5959	https://www.google.lk/maps/place/8.0438N,80.5959E
NRDHPRNCHCHYGMHRVLVDYLY	Anuradhapura	Nochchiyagama	Horivila Vidyalaya	8.0596	80.6881	https://www.google.lk/maps/place/8.0596N,80.6881E
NRDHPRNCHCHYGMMBGSWWVDYLY	Anuradhapura	Nochchiyagama	Ambagaswewa Vidyalaya	8.196693	81.0315597	https://www.google.lk/maps/place/8.196693N,81.0315597E
NRDHPRTHNTHRMLTHNTHRMLRJMHVHRY	Anuradhapura	Thanthirimale	Thanthirimale Rajamaha Viharaya	8.5736017	80.2558288	https://www.google.lk/maps/place/8.5736017N,80.2558288E
BDLLGRNDRKTTMHFFCGRNDRKTT	Badulla	Girandurukotte	MOH Office - Girandurukotte	7.462916900000001	81.0174916	https://www.google.lk/maps/place/7.462916900000001N,81.0174916E
BDLLHLDMMLLHDWRYCLLG	Badulla	Haldummulla	Ohio Udaweriya College	6.7621785	80.8858571	https://www.google.lk/maps/place/6.7621785N,80.8858571E
BDLLLNGLLNGLHSPTL	Badulla	Lunugala	Lunugala Hospital	7.037666499999999	81.20078	https://www.google.lk/maps/place/7.037666499999999N,81.20078E
BDLLLNGLMHFFCLNGL	Badulla	Lunugala	MOH Office - Lunugala	7.0307289	81.1988075	https://www.google.lk/maps/place/7.0307289N,81.1988075E
BDLLMHYNGNYMHFFCMHYNGNY	Badulla	Mahiyanganaya	MOH Office –Mahiyanganaya	7.4629	81.0175	https://www.google.lk/maps/place/7.4629N,81.0175E
BDLLMHYNGNYMHYNGNYBSHSPTL	Badulla	Mahiyanganaya	Mahiyanganaya Base Hospital	7.3254794	80.99094269999999	https://www.google.lk/maps/place/7.3254794N,80.99094269999999E
BDLLVPRNGMHLKTWHRSBDRRMY	Badulla	Uva Paranagama	Ihala Kotawehera Subadraramaya	6.5936111	80.9163889	https://www.google.lk/maps/place/6.5936111N,80.9163889E
BDLLVPRNGMVPRNGMHSPTL	Badulla	Uva Paranagama	Uva Paranagama Hospital	6.9380755	80.8905252	https://www.google.lk/maps/place/6.9380755N,80.8905252E
BTTCLKLWNCHKDYKLWNCHKDYHSPTL	Batticaloa	Kaluwanchikudy	Kaluwanchikudy Hospital	7.5172	81.7852	https://www.google.lk/maps/place/7.5172N,81.7852E
BTTCLKLWNCHKDYMHFFCKLWNCHKDY	Batticaloa	Kaluwanchikudy	MOH Office - Kaluwanchikudy	7.5094	81.7921	https://www.google.lk/maps/place/7.5094N,81.7921E
BTTCLVKRMHFFCVKR	Batticaloa	Vakarai	MOH Office – Vakarai	8.1352	81.4352	https://www.google.lk/maps/place/8.1352N,81.4352E
CLMBGDYNMHFFCGDYN	Colombo	Egodauyana	MOH Office - Egodauyana	6.7242243	79.90728399999999	https://www.google.lk/maps/place/6.7242243N,79.90728399999999E
CLMBHNWLLRMNCTHLCCLLGWLKNN	Colombo	Hanwella	Roman Catholic College - Welikanna	6.8925199	80.14425399999999	https://www.google.lk/maps/place/6.8925199N,80.14425399999999E
CLMBPDKKGHPDKK	Colombo	Padukka	GH - Padukka	6.8399456	80.0896339	https://www.google.lk/maps/place/6.8399456N,80.0896339E
GLLKTWLKMBRGMWMHVDYLY	Galle	Kotawila	Kamburugamuwa Maha Vidyalaya	5.9434	80.4943	https://www.google.lk/maps/place/5.9434N,80.4943E
GLLLPTYKTLVTGLSTTFFC	Galle	Elpitiya	Kitulvitigala Estate Office	6.9897845	80.4270885	https://www.google.lk/maps/place/6.9897845N,80.4270885E
GMPHKDWTNLMMHRVDYLY	Gampaha	Kadawata	Neelammahara Vidyalaya	6.8286368	79.9200305	https://www.google.lk/maps/place/6.8286368N,79.9200305E
GMPHNGMBMNKLYSTNTHNYSCHRCH	Gampaha	Negomobo	Mankuliya St. Anthony's Church	7.204227200000001	79.8309565	https://www.google.lk/maps/place/7.204227200000001N,79.8309565E
GMPHNTTMBWDHTHKNDRJMHVHRY	Gampaha	Nittambuwa	Dhathukanda Rajamaha Viharaya	6.3601	80.2402	https://www.google.lk/maps/place/6.3601N,80.2402E
GMPHNTTMBWKNDVHRY	Gampaha	Nittambuwa	Kande Viharaya	7.2194899	80.1730333	https://www.google.lk/maps/place/7.2194899N,80.1730333E
GMPHNTTMBWNDGDVHRY	Gampaha	Nittambuwa	Undugoda Viharaya	7.1401	80.354	https://www.google.lk/maps/place/7.1401N,80.354E
GMPHPLYGDGGBDCMMNTYHLL	Gampaha	Peliyagoda	Gagabada Community Hall	6.6898	79.999	https://www.google.lk/maps/place/6.6898N,79.999E
HMBNTTSRYWWNDWWVHRY	Hambantota	Sooriyawewa	Andawewa Viharaya	6.4391492	81.0675479	https://www.google.lk/maps/place/6.4391492N,81.0675479E
HMBNTTTSSMHRMDBRWWPRSDNTSPRMRYSCHL	Hambantota	Tissamaharama	Debarawewa President's Primary School	6.2749225	81.2905229	https://www.google.lk/maps/place/6.2749225N,81.2905229E
KLTRMLLNYPTHGMWVHRY	Kalutara	Millaniya	Pethigamuwa Viharaya	7.137	80.0515	https://www.google.lk/maps/place/7.137N,80.0515E
KLTRMTGMMBTHNNSTTPRMSS	Kalutara	Matugama	Ambethenna State Permises	6.780849799999999	81.0155068	https://www.google.lk/maps/place/6.780849799999999N,81.0155068E
KLTRWDDWGMXPRTCNTR	Kalutara	Wadduwa	Gem Export Centre	6.8652422	79.8717279	https://www.google.lk/maps/place/6.8652422N,79.8717279E
KNDYDDMBRDDMBRSCNDRYCLLG	Kandy	Udadumbara	Udadumbara Secondary College	7.3166	80.8785	https://www.google.lk/maps/place/7.3166N,80.8785E
KNDYDDMBRMHNDPRMRYSCHL	Kandy	Udadumbara	Mahinda Primary School	7.3063719	80.9035577	https://www.google.lk/maps/place/7.3063719N,80.9035577E
KNDYKNDYPRDNYYTHSRVCSCNCL	Kandy	Kandy	Peradeniya Youth Services Council	7.1108	80.566	https://www.google.lk/maps/place/7.1108N,80.566E
KNDYNWLPTYHLGRKYSRSMNVDYLY	Kandy	Nawalapitiya	Ihala Gorakaoya Siri Saman Vidyalaya	7.0649698	80.552364	https://www.google.lk/maps/place/7.0649698N,80.552364E
KGLLMWNLLMRTHWLCMMNTYHLL	Kegalle	Mawanella	Muruthawela Community Hall	6.2169728	80.7242136	https://www.google.lk/maps/place/6.2169728N,80.7242136E
KGLLMWNLLRNDWLMHVDYLY	Kegalle	Mawanella	Randiwela Maha Vidyalaya	7.046634699999999	80.1326036	https://www.google.lk/maps/place/7.046634699999999N,80.1326036E
KRNGLGLGMWSRMVBNDRNYKPRMRYSCHLGLGMW	Kurunegala	Galgamuwa	Sirimavo Bandaranayaka Primary School - Galgamuwa	8.0028718	80.2845885	https://www.google.lk/maps/place/8.0028718N,80.2845885E
KRNGLGRBWDVSNLSCRTRTGRBW	Kurunegala	Giribawa	Divisional Secretariat - Giribawa	8.1160082	80.1958337	https://www.google.lk/maps/place/8.1160082N,80.1958337E
KRNGLGRBWGRBWMHVDYLY	Kurunegala	Giribawa	Giribawa Maha Vidyalaya	8.116652799999999	80.1923525	https://www.google.lk/maps/place/8.116652799999999N,80.1923525E
KRNGLGRBWHLGRBWSCTYHLL	Kurunegala	Giribawa	Ihala Giribawa Society Hall	8.0963	80.2201	https://www.google.lk/maps/place/8.0963N,80.2201E
KRNGLLWWGLGMWMHVHRY	Kurunegala	Alawwa	Galgamuwa Maha Viharaya	8.0065736	80.291437	https://www.google.lk/maps/place/8.0065736N,80.291437E
KRNGLWRMBGDRKNDRGHMDTHTHVDYLY	Kurunegala	Weerambugedara	Kandurugaha Madiththa Vidyalaya	7.2182428	80.7164174	https://www.google.lk/maps/place/7.2182428N,80.7164174E
KRNGLWRYPLJNDSTRS	Kurunegala	Wariyapola	A.J. Industries	7.1674293	79.8897066	https://www.google.lk/maps/place/7.1674293N,79.8897066E
MNNRDMPNDHVDTHLTHV	Mannar	Adampan	DH - Vedithalathivu	8.8550202	80.20284199999999	https://www.google.lk/maps/place/8.8550202N,80.20284199999999E
MTLDMBLLSGRYNTNLCLLG	Matale	Dambulla	Sigiriya National College	7.9572533	80.7600374	https://www.google.lk/maps/place/7.9572533N,80.7600374E
MTLMHWLSDHRMRMVHRY	Matale	Mahawela	Sudharmarama Viharaya	7.2729	80.6087	https://www.google.lk/maps/place/7.2729N,80.6087E
MTLWLGMWHNDNGMWHSPTL	Matale	Wilgamuwa	Handungamuwa Hospital	7.631847700000001	80.92798499999999	https://www.google.lk/maps/place/7.631847700000001N,80.92798499999999E
MTLWLGMWHTTPLHSPTL	Matale	Wilgamuwa	Hettipola Hospital	7.5402742	80.9144354	https://www.google.lk/maps/place/7.5402742N,80.9144354E
MTLWLGMWMRKCNTRLCLLG	Matale	Wilgamuwa	Maraka Central College	7.5874	80.9583	https://www.google.lk/maps/place/7.5874N,80.9583E
MTLWLGMWNGGLLCNTRLCLLG	Matale	Wilgamuwa	Nugagolla Centarl College	7.632375700000001	80.92724059999999	https://www.google.lk/maps/place/7.632375700000001N,80.92724059999999E
MTLWLGMWWLGMWHSPTL	Matale	Wilgamuwa	Wilgamuwa Hospital	7.5403	80.9144	https://www.google.lk/maps/place/7.5403N,80.9144E
MTRHKMNJYWRDHNMHVDYLY	Matara	Hakmana	Jayawardhana Maha Vidyalaya	6.0775535	80.67720410000001	https://www.google.lk/maps/place/6.0775535N,80.67720410000001E
MTRWLGMMDGMLDSTRFCTRY	Matara	Weligama	Midigama Loadstar Factory	5.9853901	80.3903411	https://www.google.lk/maps/place/5.9853901N,80.3903411E
MLLTVPDKDRPPMHFFCPDKDRPP	Mullaitivu	Pudukudiruppu	MOH Office – Pudukudiruppu	9.7251	79.9977	https://www.google.lk/maps/place/9.7251N,79.9977E
PTTLMPTTLMVSDRRMVHRY	Puttalam	Puttalam	Visadarrama Viharaya	7.907084299999999	80.002377	https://www.google.lk/maps/place/7.907084299999999N,80.002377E
RTHNPRPNMRWLLGDVDYLY	Ratnapura	Panamura	Walalgoda Vidyalaya	6.3295504	80.7577032	https://www.google.lk/maps/place/6.3295504N,80.7577032E
RTNPRKLWNWMBYGDCMMNTYHLL	Ratnapura	Kalawana	Wemibiyagoda Community Hall	6.6898	79.999	https://www.google.lk/maps/place/6.6898N,79.999E
RTNPRKRLLMHLGDCMMNTYHLL	Ratnapura	Kiriella	Mahaelgoda Community Hall	6.6898	79.999	https://www.google.lk/maps/place/6.6898N,79.999E
RTNPRMBLPTYMHFFCMBLPTY	Ratnapura	Embilipitiya	MOH Office - Embilipitiya	6.3263	80.8493	https://www.google.lk/maps/place/6.3263N,80.8493E
RTNPRWRKPLMSFCTRYPRMSS	Ratnapura	Warakapola	Mas Factory Premises	6.2685	80.7866	https://www.google.lk/maps/place/6.2685N,80.7866E
TRNCMLPLMDDPLMDDBSHSPTL	Trincomalee	Pulmoddai	Pulmoddai Base Hospital	8.9412	80.9831	https://www.google.lk/maps/place/8.9412N,80.9831E
